job,profile,vampire_elapsed_s,vampire_peak_mb,transform_s,proof_module_lean_s,reconstruction_lean_s
init_clause_0,direct,0.006,6.000,0.075,1.578,3.648
init_clause_1,direct,0.006,6.000,0.075,1.574,3.702
init_clause_2,direct,0.007,7.000,0.113,4.617,3.562
init_clause_3,direct,0.007,7.000,0.122,4.748,3.566
init_clause_4,direct,0.007,7.000,0.115,4.635,3.543
init_clause_5,direct,0.009,7.000,0.083,4.658,3.548
init_clause_6,direct,0.007,7.000,0.082,4.657,3.551
init_clause_7,direct,0.006,7.000,0.112,4.596,3.590
init_clause_8,direct,0.007,7.000,0.114,4.645,3.594
init_clause_9,direct,0.007,7.000,0.123,4.763,3.577
init_clause_10,direct,0.005,6.000,0.074,4.572,3.555
init_clause_11,direct,0.005,6.000,0.073,4.465,3.548
init_clause_12,direct,0.005,6.000,0.073,4.462,3.566
init_clause_13,direct,0.005,6.000,0.073,4.464,3.523
init_clause_14,direct,0.005,6.000,0.074,4.463,3.548
init_clause_15,direct,0.005,6.000,0.073,4.447,3.570
init_clause_16,direct,0.005,6.000,0.073,4.459,3.549
init_clause_17,direct,0.005,6.000,0.073,4.537,3.573
init_clause_18,direct,0.005,7.000,0.071,1.471,3.499
init_clause_19,direct,0.005,6.000,0.072,1.485,3.523
init_clause_20,direct,0.006,7.000,0.107,4.308,3.505
init_clause_21,direct,0.006,7.000,0.079,4.344,3.491
init_clause_22,direct,0.006,7.000,0.078,4.360,3.533
init_clause_23,direct,0.006,7.000,0.107,4.311,3.519
init_clause_24,direct,0.005,6.000,0.072,1.467,3.497
init_clause_25,direct,0.005,6.000,0.072,1.466,3.502
init_clause_26,direct,0.005,6.000,0.071,1.490,3.536
init_clause_27,direct,0.005,6.000,0.071,1.466,3.529
init_clause_28,direct,0.009,7.000,0.133,1.733,3.617
maint_clause_0,direct,0.009,7.000,0.123,1.877,5.699
maint_clause_1,direct,0.009,7.000,0.122,1.867,5.662
maint_clause_2,direct,0.011,7.000,0.193,2.300,5.748
maint_clause_3,direct,0.014,8.000,0.221,2.672,5.944
maint_clause_4,direct,0.013,7.000,0.209,2.570,5.823
maint_clause_5,direct,0.012,7.000,0.202,2.432,5.813
maint_clause_6,direct,0.013,7.000,0.205,2.461,5.824
maint_clause_7,direct,0.011,7.000,0.194,2.323,5.759
maint_clause_8,direct,0.013,8.000,0.209,2.509,5.844
maint_clause_9,direct,0.014,8.000,0.220,2.665,5.896
maint_clause_10,direct,0.009,7.000,0.122,1.876,5.662
maint_clause_11,direct,0.010,7.000,0.123,1.919,5.654
maint_clause_12,direct,0.009,7.000,0.123,1.869,5.668
maint_clause_13,direct,0.009,7.000,0.123,1.880,5.656
maint_clause_14,direct,0.009,7.000,0.123,1.874,5.633
maint_clause_15,direct,0.009,7.000,0.123,1.875,5.663
maint_clause_16,direct,0.010,7.000,0.123,1.896,5.694
maint_clause_17,direct,0.010,7.000,0.123,1.886,5.669
maint_clause_18,direct,0.008,7.000,0.119,1.831,5.618
maint_clause_19,direct,0.008,7.000,0.118,1.830,5.622
maint_clause_20,direct,0.010,7.000,0.184,2.170,5.682
maint_clause_21,direct,0.011,7.000,0.194,2.283,5.740
maint_clause_22,direct,0.011,7.000,0.194,2.294,5.769
maint_clause_23,direct,0.010,7.000,0.184,2.177,5.690
maint_clause_24,direct,0.008,7.000,0.119,1.815,5.615
maint_clause_25,direct,0.008,7.000,0.119,1.797,5.615
maint_clause_26,direct,0.008,7.000,0.119,1.808,5.619
maint_clause_27,direct,0.008,7.000,0.119,1.812,5.622
maint_clause_28,direct,0.011,7.000,0.200,2.196,5.737
term_check,direct,0.011,7.000,0.194,2.199,5.622
